Pato Donald - pato - donald
Mickey Mouse - mickey - mouse
Alan Zoka - alan - zoka
Rafael Ivo - rafael - ivo
Armando Vinicius - armandin - armandao
Pedro Aumerio - pedro - aumerio
